GeneID,logFC,logCPM,PValue,FDR,GeneSeq
Gene_0001,-0.0714080121694303,6.005120257487559,0.915788107086362,1.0,TTTTTTTTCACAAAAAAGATCCATTTTCATTGAAGCTTTGTACGCGAACTTAGACATTAAATTACAAAATCTCAAATAAAATAGCATTACCAAGGTAACTACATATTGTGCAAATGCTACAGAGGGAAAAATAAAAGGGACTCTTGAATTCAGAATGCAATTTGATACATTAGGGTGGATACTCCTCTCCTAACTTCCAACAAGCCAGTTCAATCGCGAGAGGCCTTCCAATTATGGAGAGCTTATTCTCATCCCACCATCCTTCACCATAAGCCAAATGTGAATTCGACGTTTCGATTGGAGCACCACCTGAAAAATCACCATCTCCCATCCAAATAAAACTCACCATCTCCTTTCACTCCCGTCATTAACTTCAAAACCCCAACCTCTACGCTGTCTAGACGTAGAGCTAAAAACAGACGACAACGAGCCACTGCCACTCCTTCGACTGATCCTAGAATCTGAGCTAGAAGTAGAAGTGGACGATCCACCCCTACCAAAACAAGCAAACAAACGATGCAAGACTCTCCTCAATCCACCCCTCTCCCTCGATATACTACCTCTGGAACCCCAAGAAATCCTCCTTGGTACCCCATTATTATTGAACGCGCCGTCCATCTCCGTGTAAACCACGGGCAACTCCCTCTCTCCACCTCTCCTTCCGCCGGAAAATCTCCCCACAGCAAACCCACCACCCGGCAATCTCCATATCGTCAAACCAACCGTCTCATCATCATTTCCGGCCTCACTCACGGCTCTGTTCCCTTCATTCACATCCTGACTACCATTTACATTCTCATTGTCAGTCGGGAGTTCATGTCGACAAACGGGGCACGAATTTCTCAGTGAAAGCCAGGGCAAGATACAATCTTGATGATACAAATGCTTGCAGGGCATCTCACGGGCCTCGCCTCCAACCTCAAATGCCTCTTTACAGACCGCGCAACACGACTCAACAGCAACGTGTTCGTCCAATATATCGATAGTTGGCATAGACTCGATCGCAGCCTTCGATGCAGGCGGATTACTGTCGATTCTCCCAATCCCATTCGCCTCAATTTGAGCCAATTGATCCAGCAACCTATCGAAACCAGAACCGAGCAAAAACTCCGACATACTGGCCGGCAACGGCCGCAAACCCGATCCTGCCCCGTCATCGTAAAACAATTCAAATCCCGCTCCGGCAGCAGCTCCTCCTGCGGCGGCAGCTCCAGCGCCACCATCATTCGGGCCGCGAAGAACAATAACCGGATTAAACGGTGACCGATCGCCCCCATTCCTGCGGCTCCTCCTCAGCCTCGGGCTGGAGCCCGTAGCGGAGCCCGAGCCTGAACCGGGGCCCGAATCGGGCGTTCGCATCATATACATGGCGGCAGCGGGGAAACGACGGCGGCGGGAGTCGGAGAGCGAAGATCTATTGGGAGTCTCGATTTCTTCGACGAATCCACCGTTGCAGTCGGGGCAATTGACGGAATCTTGGGTCCAAACCCTCACGAAGCGGTTGCATCTGTAACACCAGTAGGCTGAAGACATCGATTTGTGCCGAGAAGCTTATAGATTCAGAAAGAAAGAATCCGATTTCAGATCTGAAGGACTGGACTCTTTCTCTCTCTAGAAATCAAGAAGCGAGAGAAAACATTGGAGGGAGAAGGCCAGAGAGAGAGAGAGAGGGCTAGCTTTGGGTGCCCAGAAACGCAATGAAA
Gene_0002,-0.230165220480894,4.23975439404855,0.741406757591318,1.0,TGTTAAGAATTCTATAAGAATCTGGATTTTGATGTTTACCATCCTGTCTATAGCGTCACTTCTTAACAGGCATTACCCAATGGTGGATCATAACAGTTTTATGATGAACTATGTAGGGCTTAGGGGTTCGCCCTGGAGTTATTGATGGCGCAATAAGTATCTCTGCTGTGCAGGTTCATTTTTAACTCTTTATATATCTTTGCTCTTCATGGAGATAATATATGCAATCAATAACGACCCTTTAGTGTATGAGAGAAACAATGCCAGTCGAGGATGACTGATGAAATGCCTTTTGCATATTAATAACATCTTGATAGTTGGTAACTCAGTATACTATTATCATGCACTCACTGACTCACACACCAATCTCTAATGTCAAGAACCATAACATATGCAAGTCCTTGATGTTGGATGGTGCTTATACTACAATTGCATATCATCTTTTACATGCCATGTACAGTCAGTGTCTTGATTATGTAAACTATTTGTTTGAGTCCTGGAAGTAGTACTTGACTTGATTTTCTGCATTTTAGTTGATTTTCTGTATCTTTACTCGAATGCATATTAGGCTAATTGAGCATTATAATTTTTATTTGATAATTTATTAGCTGTAGATCTACACAATCCATTTAGATTTTATATTCCAGTAGTTGGCCTTGATGAAGCACACTTTCAGCTTTTGTAACTATTGCTTTGGATCAAGTGCTAATTTGATTTTACCTTTTCATTTTGCCAAACTAGTGGTTATGCAATGCTGATCGATCGTCTCATGAACCACGTCTGAGACTGAAGGCCTTCTTCGGGTCATTATACAGATGTTTGGCAAGAGGAGCTAGGGCAGTCTTACAAGTATACCCTGAAAATTTGGCACAACGTGAGTTGATCCTGGGATTTGCCATGCGAGCCGGGTTTTCTGGGGGTGTCGTTGTCGATTACCCACATAGCACCAAGAAAAGGAAAGAATTCCTGGTGCTGAGCTGTGGTCCGCCATCTCTGAGTAGTGCCGCCCCACAGGCGAAACTGGAAGATGAAGAGAGTTGTTCTGATGATGAAGATAGCAGCGAGGATGAAGAAAATCAGTCGGTTTCTGTGTCGGACAGACACAGGCCAAGGAAGAAGCAAAAACTAAACAAGAAGGTGAAGGGAAGAGAATGGATTCTTAAGAGGAAGGATAAAATGCGCAGAAAGGGAAACACGGTTCCAGCTGATTCGAAGTACACTGCCCGTAAAAGAAAAGCTCGATTTTGATAATCTTCATCGGTGTTCTGGAAAAAAACAGAGAGATTTTGGTTGGCAGAGGCAAA
Gene_0003,0.858275563847417,2.17182781442676,0.252159664996456,1.0,ATTACTAAAAATGTACAGTGGTTATATTGCCTCATTAATGTGAATAAGCTATCAAGATCCCATGTTGAGACTAATATTATCTGAAATTCAATTTTCTCCAGATTTAATTTGGTTCTTGTGTAGTAAGGAAATTCAATTTTCTCCAAATATTATTTTATAGCAGCTGTAGTAATTAGATAGTAGTCGTATTAATTATTCAAAATAGATTTGAAATATTAGTCAAAATACTATGAGTAATAAAAGTCACCAAAAAGTAGAGACAATAAAAATAATAATGTTCCCCAATTCAAACTCTCATGTTAATATGTATATAATTGTGTGTGAGTGAATTTGTCAATGACATGCCCGTCTTTTCATATTGAATCTGAATCCTTCTAACTTTTATTTTAGAATGGAATCCTACTAATATATATTGATATGTGATGCATTGTAAAAAAAAAAAGAGAGTGATAATTGATGCAATATTTTTTTTAATTTTTTTTGCATTGAAAACTATTTTGTTGATACCTTATTTATAGTTACAATAACTGGCACCTTTGTTGCTTTGGCATGAGCAATAGCCTCATTCGTTTGAGGGCCTGCTGTTTCTGCCCTCTTAGCATAGTAGTTGTTATCTATTTGTTTGATAATGTAAGGGTGCAATCAATGCTAAGTGTGGGTCTCACTGTGTGTGGGGGCCTAAGAATGAACCACTCTGCTCCATAGCTCTTTATAGCCAAAGCATGTTAATTTGTATGTATTTATCTTGCTGAAATTGGTGCTTAATCTGTGAAAGCAATCCCCGTTGTGTAATCTGCATTCTAAAGTTACAAGCAGTTAAGCTACTGTTGCATACTTGCTGCTGCTGTTTTATTATGTTCCTGCACTATAAATGCTTCAAAGCTCATGAAAACCAATGTGTTAAGGCAGCAACCCTGTGTTCTTCACCTGCTCTATTAATTACCATTTATTCTCTGCCTATGCCTCCATAATTATACTAGAATAGATTAAAATATGATATTTGTAATCTCCCTTGCTGAATTATGTTCTGAAATCTGTTATGAAATAATATATGTCATGCAATCTGCTCCAACTCTCTGTTACGCTAAAATGAGTAAATGACTCAATCATCCAGAAAATGTCCAGTTCTTCCTCTACATTCTTCATTTTGCACTCATCATGTAAAAATGAAAAACATAAGTAGTTTATTTCAAATGCCCAATTGGTGCTTATTCTATAATCTATCTTATACATAATAAGTAGTTTATTAAGAAATCAAAGGTATTGAACATCCATAAAACCAGTTTTGACATTTGATTTTGATACATAATATTTTTCTTTGGTCATGGCAGGATCTTTAAAATTATAAATATTAGCTAAAGTTTTTGCTTCAAAATCTGAGGTGATACTTACATGGATAAGACTTGGATGAAGTTGCCTTGGAATAGCAAAGCTTATTTACATGGATTGAGAATGTTTCTTGACTTTGCTTTTTCCCAAACAAACACGGGTGAAAAACAAATGATATTGTGCCCTTGTAAGAAATGTAAAAATGGCATATGCTTATCGAGGGAAGAGGTAGAAGTTCACTTAAAATGTGTTGGTTTTATCAATGGTTACACTCAATGGGTAGCTCATGGTGAAGCTTATAATTTTTCAACTCCCTCTGCATTTCATAATGAGCCAAGTGATGTGAACAATGTGCAAGAAATGCTTAATGATGCATTTGGAGTGCCACATGATGATGTTGAAATGGATGGGAATGATGATAATGAAATCGAGGAGCCAAATTTAGAAGCTAAGTCTTTTTATAAATTAGTTGATGATTCCCAACAAGAATTGTGGCCTGGGTGTAAGAAGTTTTCAAAACTATCATTTTTAGTACGATTGTATCATATCAAATGTTTGGGAAATATTTCTAATAGGATATTCACCATGTTATTAGAACTATTGAATGAGGCATTCCCAGAAGGTGTGAAATTGCCTAAGTCTAATTATGAAGCAAGAAAAATCATTGAAGAATTAGGCCTTGGTTATAAGAAATATGATGCATGTCCAAATGATTGCACGCTCTTTTGGGGTAAAGATGAAAGTAGAATACAATGTGAGACATGTAGTTGCACTAGATGGGTAGTTTCAGATGGTGATCCCACAGGTGAAAAAAGAAAGGTCCCACATAAGGTATTACGACACTTTCCTCTAAATGGCAGATTGCAACGCTTATTCATGTCTTTAAAGACTGCCTCTTTCATGAGATGGCATGCTGAAGGCCGTACCAAAGATGGAAATATGAGGCACCCAGCTGATTCTCCAGCATGGCAATATTTTGATTTTAAAAATCCAGAATTTGCTAAAGATCATAGAAATGTTAGGCTAGGTCTGGCATCTGATGGGTTTAATCCTTTCAAAAATATGAATGTGTCACACAGCACTTGGCATGTAATATTGATACCCTACAACTTACCTCCTTGGATATGCATGAAGCAACCTTATTTTATGATGTCGTTGCTTATACCTGGCCCATCCGCCCCTGGGAATAATATTGATGTGTATCTACAGCCATTAGTGGCAGAATTAAAAGATCTATGGGATGTAGGTCTTGATACTTATGATGCGTCATGTATGCAAAATTTCAAAATGCGGGCCTCATTATTATGGACTATTAGTGATTTTCCGGGATATGCAAACTTGTCAGGTTGGAGTACTAAAGGGGAGCTTGCTTGTCCTTGTTGTAGCAAGAATACCGAGTCATTATGGCTTAAAAATAGTGGAAAATATTGCTACATGGGTCATCGTCGGTTTCTAGAAAAAGACCACTCTTTTCGAAATGATTTAAAGTCATTTAATGGGAATAAAGAGACCAGATGCACACCTCCTAGAATAACAGGGTCAAGTATCTTGTCTGACTTAGATGGGTTTGAAATGAAGTTTGGTAAACTTGTATCAAATAATCCAAGTTTACCTTTTAATTGGAAAAAGAAGAGTATTTTATTTGACCTGCCTTACTGGAAAGATAATTTGTTAACTCATAATCTTGATGTAATGCACATTACAAAGAATGTTTGTGAGAGTATTTTGGGGACATTGCTAGATATTGATGGAAAAAGTAAAGATCATTTGAAGTCGCGACTTGACCTCCAAGAAATGGGTATTAGACAAGAGCTCCATCCTGTTGAAATTGACATTGACAGTGCTGCAAAAAAGAAGAAGTTTTATATGGCTCGTGCTTGCTTTACAATGGACAAAAAAGAGAAAGAGAAATTCTTAAAGACTTTGAAAACTGTGAAAGTTCCTGATGGTTATGCATCAAATATTTCTAGGTGTGTGCAGATAAAGCCTCCCAAACTTATAGGTCTTAAAAGTCATGATTATCACATTTTGACGCAACAACTTTTACCTTTATCATTAAGAAAAACACTTTCAAAGTCTGTGCGTGTTCCTTTAATAAAGCTGAGCAGATACTATAGAGAATTGTGCTCCAAAGTTTTGAA
Gene_0004,-1.29291636372714,4.561433205207219,0.0571767313108546,0.556156830093993,CCGATCTCTGCAATTAGTACATATTTTCAAAGCAATTATCAAACAACACATTAGAAGATTGTGACAAAACTTAATTTTTGAATTGAAGCGTTGCTAACAGAGAATCTTCACAGAGCACCCAAAATCCTAGATTGACTACAACTAGGAGTTCTACCTTAAAAATGCAATTCAAATATCAGCTCAAATTTAAGGTCCTAATATAACAAAACAAATGGATAAACAAAACACACATTTTTTTTTTAACTTTGCTCCTCACTGTTTCCAGCTGCTCTCTCCTCTGCAGCAGCTGCCATCAATTCATCAAATTTCTCTGTCTTTCCCAGCACTATCTCAATTTTGGCTTTCGAGATAGGCCGCCCTCTAGACTCATCTCTGATTTCAACAGTAGAAGTCATAATCTTCTTCTCAACTGCAAATCCATTATTCTTCAGGATTTCAGCAACACTGACAACTGTTGAAATAGCCATTCCGAGAGCAGAAAGCTCCACTTCATTGTGCTGCTGCATGTACCTCTTAGCGAGATTGACGTAGAAGAAGAGCGGCTTTTTGGTGTTGGAGACCTGGATTCGATTCTTCTTCTGAGCATCTCCGGCGATGGCAATGTTGTTCACTCCCTCTGTAATTTCTTCCATCTTTTACCACCGAATAATTTTCTTAAAAAAAAATAAATTAACGAGCGATTGATTTGATTTTAGCGATTTGCAACAAAAATTATAGAGAAATCGAAATTTTGATTGAGAAGGGAAGAATCGAAAGTATAAATGTGGAATTTGATTGAATATAAATACAGAAAAAGAGCGATGGGAGTAAAAATGGGGATAAGCTTTTTATTTTTTTATTTTTTTTTCCTGCGTAAGAGAGAGGCGGAGAGAAGGCTGCGGTCGTTGCTGTGCTGCGGAACTTTA
Gene_0005,0.264656965717857,0.3593537357656849,0.8148512780027429,1.0,GTAGGACATTTAAAAGAGACTCCTGCTTAAAAATCATTTCCTCAATGTACTCAAAGCATCTGCAGTGAGACAACATTATTCAGGTTTAGTCAGATATCGGTAGCAAGTGATCAACATGTAACAAACATGAAAGTAGGCATGTGCATTCAGGAATTTGCAATTAGCAAGGACTAGACTTATAAACACTAGGCTGTTGGAAGACCCGTTATGAGGACATCAACCATGTTAAGCTATCAAGAATGCAAGATCAGTTGAATTAAGGGTCTTTGCATTTACATAAGAATGTGGAGAAGAATTAGCAAAGATGTCGCTAAATTACACAACAATTATCAAAGTCTCGTTCTCAAATCAGTCACAAAAACCAAATGATCATATTAAAAGTATATTATAGAACATCACTGGTTCATGGAAAATGCTTCTTACATGAATAATGTCATATATGACTAAAGGCGCCTGATTTATAAAATTAAATGGCTTGAGAGATTTGGCTTAAAGCATAAAATAACTTCATCTAGTCACTTCAAATAAAAGAAAAGGCTTCACCCAGAAACTAAGGGGAAAAAAGAGGAAATGAGAGAGGGAACACTAATTGCACTCATTGAAAGCAAATGCCCGACATCTGATAGTTGCTCATCGACTTAGCTAAGTGGATAGAGTGTTTTGTGACTAGTAAATTATCATAAATTGGAAATCTGCTTAGAATCTATGCAATTTGAAATGCCCGAGGAACTAGCTGATTGAAAAAAGAACAGAAAATATGTACAAATGTGATGAACTGACAGTGACGTGATTTATTTCACTTAACCCAACCCAGATAATTGGAACTCTTTTGGTTCACCATTTGACACTCCAGATCATATCTATAAAATTTAATTAGTAAAGAAACAAAAACTCCTACAACCATCAGTTCATCACTAAAGATCTCAATAAGAATAGAAGGGTGCATGAATTCTTCAAGGTCATGGCATACATGTCATAGCTCTGAGCCTCCACAAGTGTTTGTTCCATATCGAGTCTCCCAAGAAAT
Gene_0006,0.8791051828257671,4.123622243966,0.194743103435222,0.950332532087284,CACCAATTATTGGTATGACAGAGAGCTGCTCGCAGTCTGAAACTTGATTCACCAACAAATCTACAATCTTCTCTTTATCTTCATCCCTTCCGATAACGTGATCAGGTTCATTCAGAATGGATCCCATCTCACGTCTGCAATCAATGCTGCTTGAAGGAGGCGCAACAATTTCACGCAGATGGAAATTGCGACGCTCTGAAGCAAGATCATCCAATCTCACAGCCATTTCCTTCATGCTTCTTCCGATCTTGTAACCGGATAAGATTTTCTTCAAGTACTTCAATTTTTTTATGTCTCCACACTCGAGTTTGGAGAGCTCTGTGGCACACTCATCTAGTATATCTTCGAGCTCAAAGGCAGCGGCGTGGAGCTTGCTGAGCCAAATCTGGATTGGCTGGTTTCGCAATTGTTTGAATTCAGCATCTTCAAGTACGGACTGGATAGTGGTGAGAGTGCTTTGCAGCTTCTTCATTTCCTTCTTCACTCCCCAAATCAATCCGATCTTGTTTTGGATTTGAGAACTCAACTTCTCTACCAAAACTTGAAGTAATGCCTCAGCCATATGGAAATTATGGGATCCGATCAATTAGTTATGAAAATGAAATGAAACCAGAAATAGTTTTGCAAGAGAGAATTGAATGAGCAAAAGAGTAGCAGTATGTGAGAGATATTTGGAAATCCAGAAGGAAATATCGTGTGGTGAGATCGG
Gene_0007,-0.195736035009751,2.8030821586747003,0.795639621025156,1.0,TTTTTAAACCAAAAACATAGATGTAATATAATAAATTCACTGAATGTATATTGCAAATTCCCACGCAGCTCCTCAACCAAACAAGTTTTTAACATTTCTCTCTATGTATGCATGCATGCATGCCTGCCTGCCAATAAATTTCTCATTTGACGGATTAGAAATAACAATGATGGTGATTCGTAAGAAAAGGGGGTAGATAGTTAGATCCCATGAATTACAACATAAAAGGAGCAGGAAGCAAGCATTTCTGTGCAAGCACTAGGCGCCTTGATTAATCTTTAAAAAAGATCTCTCTGTTTTCTCAATTAAGACCTCACAACTATTAAGCAAAAACTACATCAGATCGTAAGACATACTTGATGCCCTTCGTCACGTTTCGAGCTTCGTGCAGCATGCACTTATCACCATGAATGTGAACTAGAGCCATCCCTTCTGTTGGAGCTACCTCAGCAACCAAAGCATTTCTGGGACCATAAAACACAGTCTCCCCTCCAACTAGCTGATCCAATGAATCTTGAGAACTACTGTCATTTTTAGATTTGGCTTTACTTTTACCTGGGGCACCACTTAGATAGATCAATAAAGTATAATATGTACGCCTTCCTTCTCCGAGATCATTGCTTTCGTCAATATGCCGGCCAAATCGTTGACCGGCACTGTACCGGTAAAATCTTATATTTGGGTTCAACCCAACTGCAACTTTTCCTCGAATCTTAAAATCTGAAAAGAAATTGCTAAGTCCAGCACCCCATATTTCTCCTGCAAGAAAAGGATCATCGATAGCTATCCGATCATTGTCTCTGTAAGCCTCTCCCATTGTGGGACCAAGACTCCCTTGGTGAACAAAACCAATTGATTCTGCAACATCTCTAAATGCTTTTGACTCAGCAGAGGTGAGATAATTTTGGAAAGTAATGAGATCATCGTCTTTGAGGCGAGTGATGTTGAGATTAGACTTGGGTTTTACCGACGGCCAATCGGAATTCGATTTCTTGCTTGTCGTCGC
Gene_0008,0.313218418789044,2.45017126118234,0.6726297721778279,1.0,GTCAGACCTCAGAGTCGAGAGGTCCCACTCTCACACCTCTGCTTTTCTCTCTCACACACGCATCATCACCTCTCATCAACCACCGAGATTCGCGCAAAAACAAAGCAGCAGCAAAAAAACATCAAATCTCGCAAAAAAAGCGATTGGCATGCTCCCTCGTCACTAGTGAGTTGCATTTCCAAAGCACATTATGGAGGAAAGGCCGGAAACGGAGCTGATATCAATACCGGCAACCCCACGCGCGTCCACGCCGGAGATACTGACACCGTCGGGGCAGAGGTCGCCGCGGAAGGAGGCCGCCACCGCAAAGTCATGGACGCCAACGTCGTTCATATCTCCCCGGTTCTTGAGCCCCATCGGCACCCCCATGAAAAGGGTGCTGATAAACATGAAGGGGTATTTGGAGGAGGTCGGCCACCTCACCAAGCTCAACCCCCAAGACGCCTGGCTCCCTATCACCGAGTCCCGCAACGGCAACGCCCATTACGCCGCCTTCCACAACCTCAACGCCGGCGTCGGCTTCCAGGCCTTGCTTCTTCCCGTCGCCTTTTCTTTTCTTGGATGGAGTTGGGGAATAATCTCCTTGATCATAGCCTACGTCTGGCAACTATACACCTTGTGGATACTTGTTCAACTGCATGAAGCAGTACCGGGGAAGAGATATAACAGATATGTAGAACTAGCTCAAGCAGCATTTGGGGAACGATTAGGCGTTTGGCTTGCCCTATTTCCAACTGTTTACCTTTCAGCTGGGAATGCAACTGCATTAATTCTGGTTGGAGGAGAGACCATGAAATTATTTTTCCAGATTGTATGTGGTCCGCTCTGTTCCTCGAATCCCCTGACAACCGTTGAGTGGTATCTGGTATTCACATCCCTGTGCATTGTGTTATCCCAACTCCCAAATCTCAACTCCATTGCAGGACTCTCACTTGTAGGTGCTGTGACAGCAATCACGTACTCCACCATGGTGTGGGTGCTCTCTGTGAGCCAACAACGACCTCCCTCCATTTCATATGAACCAGTCTCAATGCCTACCCTAACAGCTTCTGTTTTTTCTGTCCTCAATGCACTTGGAATCATAGCATTTGCTTTCCGAGGCCACAACTTAGTCCTGGAAATTCAGGTCTGTATCATCTTTTTGTATGCACACCTCACAATTAAACTTGTCGTACACTTGTTGGAATGTGTATTATATGTGAATTTTTTGTTATATTCAAATTATTGAATCAGTTGTCTGATATCGTTTTAGGCAACAATGCCGTCAACCTTCAAAAAACCAGCTCATGTGCCAATGTGGAGAGGTGCAAAGGTTGCCTATGTCTTCATAGCTATGTGCGTGTTTCCTGTTGCGCTTGGAGGTTATTGGGCTTATGGAAACCTTATGCCTTCTGGAGGAATTCTAAATGCATTATTTGGATTCCATAGCCACGACATTCCTCGGGGACTTCTCGCTATGACATTCCTTCTTGTTGTTTTCAATTGCTTAAGTAGCTTCCAGATCTACTCAATGCCAGTGTTCGACAGTTTTGAAGCAAGTTACACCAGCAGGACTAACCGACCATGTTCAATCTGGGTGCGGTCTGGTTTCAGAGTGTTCTATGGGTTCGTCTCCTTATTGATAGGTGTTGCACTCCCGTTTCTGTCGAGCCTTGCTGGTTTACTAGGAGGGCTTACTCTTCCGGTCACCTTTGCCTACCCGTGTTTCATGTGGGTTCTCATAAAAAAGCCGATCAAATACAGCTCCAACTGGTATTTTAACTGGATTCTTGGTTGGTTGGGTATTGCTTTTAGCTTAGCCTTATCAATCGGAGGTATTTGGAGCATGGTGAACAGTGGACTCAAGCTAAAATTTTTCAAACCCAACTGATAATTCACAAGATGCCATCTCTCCTCAGATATTTGGAGTTTATATTTTATGATTTATGTTATTGTAATGTTTTTTATCATCCTAGAGAATCTCAGGTTTGCCTTAAGAGAGAGAGAGAGAGAGAGAGAGACCTGTATAAAACTTGTGTCACAGTTTATCGTTGTCGAGTGGAAATTTGTATC
Gene_0009,0.3010141048196419,4.17285693711909,0.6592231444350429,1.0,CGTTGTCAACTCTATTCCTTAATTAGATATAATAATCTTGAATTAAAAGAGAAGTACACGTAAAGAGTAAACAATAATTAATAATGTTGAAAATGATCAATCAACTATTTCAAACCACACAAACTCTCTACTCTAACATCTTCGTATCGCTCAACAATATCTTCACAAACAAATCCAAATTACAATATACATTATTTAAATCGAAATAGGTAAATGAATGCCAAATTACATAAATTTCTCAGAAACAAGCGTCCAACACACAGCAACAACAAAGGGCTGCACAACTGCACAAAACAAAACAAATAATAATAAAATAGTGTTAGTACCAAATTAAATTTAATTATCAATACTCAAAAACTTCTTCAATTTGCTATCTATTGTAAAATAATTATGGAGAATTTTATGAAAATGACAGATATAGGAATCAATGAACAATTAAGTAAATTAATTAACTTGATAGAAGCAAAAAAAATAAAAAAATTGAATTGCTTTTCTGGAATGCGAAAAATGTTGAAATAGACAAATTAATTTATTAGAGAAATTCAAGAAGTGCCAACTAAAAACAAAAATATACATAGGAGTATATGTTTATAGTATGAAAGTTATCAACAATGTCACTGTAACATATTCCACGTGCAATTTGTCTGCATATGCAACAGCAATTTAATTTCCACTATCTTATTCATTTTATTATTATTGAAAAAGTATAATAATACGAGTAGTCATTTTCAGTGAATTATTTGATTGACACGACTAATAAAATCCAAATCGAATGATGATCAAGAAAACTATAATTTTAATATCTTATTCCAAAAAAGTAAAATTTATTAGAGAGTTAATTAGAGCACTAACCATCCTTTCCAGAAGCCATCACCTCTGGACTGGGTGGTGGCAGCCGAAGCCGGAGCTTGATCCTGCTGCCCATCTCTCACCGGATAACCAGCCGGCGGCGGCGCCGCCATGTAACCGCCCTGTGGCTCCGGCGGGTACGAGGTGGCGGGTGGCGGATAAGCTGCAGCAAAACGTAATTAAAAGGAATTAAATGAATTAAATTACGCACCAGTACTCCATTTGGAGAGCTAGCAATACTTCCAAGAAATAGAATTGCCTTTGTAGAGAGAGAAACTGCATACCTTGGTTCTGGTTGTAGTTGCTCATGTTGATTTGTAGAGAGAGAAGACAAGCAAGACAAATATTATTTCAGAAGAAGCGAAGGAAAATTAAGTGTGTTTATG
Gene_0010,1.19523129465226,3.426192170467,0.0856714750574264,0.687916497738344,CAGATTAGAAATCAAGAGGAAACTTGCACAACGATCAGAAAGAGTAAAATCAGTGGATCTACATCCAACAGAGCCATGGATATTGGCAAGTTTGTACTCCGGGACTGTTTGCATTTGGAATTACCAAACTCAGACAATGGTTAAATCTTTTGAGGTTACAGAATTACCAGTTAGGTCTGCAAAGTTTATTGCACGAAAGCAGTGGGTTGTTGCTGGTGCTGACGACATGTTCATTCGTGTGTACAATTACAACACAATGGATAAGACAAAAGTGTTTGAGGCCCACACAGATTATATTAGGTGTGTGGCTGTTCATCCTACACTTCCCTATGTGCTGTCATCCTCAGATGATATGCTAATAAAACTTTGGGACTGGGAGAAGGGGTGGCTGTGCACTCAAATTTTTGAGGGTCATTCGCATTATGTAATGCAAGTGACTTTTAACCCAAAAGATACCAATACTTTTGCTAGTGCTTCACTTGATCGCACTATTAAGATTTGGAATCTTGGCTCTCCTGATCCAAACTTTACACTGGATGCTCACCTCAAAGGAGTCAATTGTGTAGATTATTTCACAGGTGGTGATAAGCCATATCTAATTACTGGCTCTGATGATCACACTGCTAAGGTGTGGGATTACCAGACAAAGAGCTGTGTGCAGACATTAGAAGGCCACACACACAATGTGTCTGCTGTTTGCTTCCATCCAGAACTTCCTATTATTATAACCGGTTCTGAGGATGGTACAGTACGCATTTGGCATGCAACCACTTACAGACTTGAAAACACACTGAATTATGGCCTTGAAAGAGTTTGGGCAGTTGGCTACATAAAAGGTTCGAGAAGGGTTGTAATCGGTTATGATGAAGGGACAATCATGGTAAAGCTTGGTAGAGAGGTACCGGTTGCTAGTATGGACAATGGAGGGAAAATAATTTGGTCCAAGCATAATGAAATTCAGACTGTCAACATCAAGAGTGTTGGGGCGGATTATGAGGTTGCTGATGGAGAGAGACTGCCTTTGGCGGTTAAGGAACTGGGAACTTGCGATCTTTATCCCCAGAGCTTAAAA
Gene_0011,0.460860781033761,4.533758472196309,0.495272204401238,1.0,TCTGGGAAGGAGAGAGTGTCAGTTTCAGTCGGAGAGTTTTCTTTTTGAAATTATTTACTTACAGATAACAAGTAAATCAACTCTAGAAAAATATATTTTTTCATCTAATCCTTTTCAATTTTCGATTTTCAAGCAACTTGGAACTTTGCACTTATTATCAGCACTCATGATTATTTGATCCTCGAAAAATTTGGAAAAAAAAAGAGGAATTTTCTCGAAGGAGATATGTATGTAAGCGGCGGAAGTCCAATACGGAAGTCTTTCAAAGACTCGCTCAAAGTTCTTGAAGCCGATATTCAGCATGCTAATACTCTTGCATCTGATTTTCCAAGGGAGTATGATGGCGCGTGTCTACAAATGAGAATGTCATATAGTCCAGCTGCTCACTTTCTACTTTTTCTAGTTCAATGGACTGACTGCAACCTCGCTGGAGCTCTCGGGCTGTTGCGTATCTTAATTTATAAGGTATACGTTGATGGCACCACAACTATGTCGACTCATGAGAGAAAAGCAAGCATTAGAGAGTTCTATGCTGTTATATATCCCTCTTTACTGCAACTTGAAAGAGGTGTTACGGATTCAGAAGATAAAAAACAGAAAGCTGTATGTTTGGAGAGATACAGGAGGAGGGATGAAGATGAAAACAGACTTTGCTCGGAATTCGATGTTGAAAGGGAAGAAGAATGTGGTATTTGCATGGAGACAAATAGTAAAATTGTCTTGCCAAACTGTAACCATGCCATTTGCCTGAAATGCTACAGAGAATGGTACTCTACTGCTCGTAATTTAAACCTGTTCTTCAGTTCTTAATAGTTAATAGAAATAGACATACATATATATTGCTGGTTCTGAACCGTTCCTTTTGTAGTCCATTATTGCTGTGCAACTGCATTTTTTCATATAATATTTTCTAGCTAAGTTTTTGGTAGATTACTTAAGTCCTATTGTATCATATGAGAACTCCGTTGCCCAAATTTGGTTATATTTACATTTTAGAATAGGATTCTCTTAAATTTAGGTTTTTCTTCAAGTAGTTCACTATTTGACATCATTTATGTTCTTTGTTGAGAGGACTTGACTTTAACCAGGCCAACTTTGCTAGGCCGAGAGACATATCTGGAAGACCTCAAGTTTCTAATGCGTTCAAGATCACAATCATGCCCTTTCTGCCGTGACAGCTTAAAGAGAGTAAACTCTGGTGATCTATGGGTGCTTCTGGATAACAGGGATGTGATAGACATGACAGCTATAACACGGGAGAATTTGAAGAGGCTGTTCATGTATATAGATAAATTGCCACTGATTGTCCCTGATAACCTATTTGATCCCTATGATACCCATATCAGGTAAATGGCTCTTGAATTTTTGAAGTTGTCATGCTATGCCGGATAATGGGTCGTTTATTTCTCAGCGTTCACAAGAGGAACATGAGTATGTGAGATGCTCTTTTTAAATTAGACTTAGGAAATCTACATTCCACTTATAATTAGGGGGGAAAACCCAGCCTTGATTTATTGTGGGCAGAGGTTTAAGTTTAGAGAAGAAATTGGGGAAAGGTACCTACGTTATGTGTTTGGAAATTTGTAAATTCTTGTATAGTCTGAGGCCGCCTCAGTAACTTGAGATTGTGACGGCATAAAGAAAGAAATCTACCACTTTGTTATGTTACTTGTGAAAAAAAAAAAAAAAAAAAAAAAATAAGCTTCTTTTATACTTTGATAAAAAATAAGGATGGAAGGTTGATTGCAGAGA
Gene_0012,-0.735082512488641,2.29566764913808,0.318877465021801,1.0,CGTTATTATGTGATTTTTAGGGTATTTATTATTTACAGTAAATTGGTGAGAATTAGGAATTTTTAAAAATTATTTATCTTTTCCGTGGTTCAATTTCGAGCTCCGTCAGTTGTTTTTCGCTCGATCCCTTTGAAAATCTGGTGGAATTCAGCTGGATATTCAATTTTTTACTGCACAAAGGCATTCCCTTTTAAAGCTTCCTTCTTCACTTCCGTTTACTGAATTTCAGTTATTCCCTTATTTTGAAATTAACTTTTCGCGAGTTTTTCAGCTGTCGAATTCTGAGTTTTGTAACGATTCAGTGCAATTTTTACCTCGGCTAATTTTGGAAACCGTCACCACAGCTAATTTTGGAAACCCGGCAACATGTCGGGTGTATCGGAAGCCGCCGTGATGAACAGCCGCGAGCAATTCAATGTGCCATTGCCGGTGCAGCCTCAGATGGATCAGCAAATGCGGGTGCCCTATGCAGCTGCTGATGGCACCTATAGACCTGTCGGTGCATCGTCTCCGTTTCAGTCAGTCCCTGGTGGCACCCAGCCACAGGGAATGAATTTGAACTCAGGAGAGGGAATGAATTTGAACTCAGGTGATCAAAAACGAAAGAGGGGTAGGCCGAGGAAATATGGGCCCGATGGCAGCATGTCCATGACAGTGGCTTCTAGCCACCAGCAGCAACCAATGAGCGTGGGAATGCAGCAGTCGGAGACCTTTTCTTTGGCAACGGAGTCCCAACAGCCGATTGGGGGATCGGCCTCACCCACAGCCAAGAAGGCGAGAGGCAGGCCTCCTGGTTCAAGCAACAAGAAAAAGCAAATTGAAGCTATAGGTTCAACTGGAATTGGATTTATACCTCATGTAATCAATGTGAAGGCTGGAGAGGTTGAAAATTTAATAGAATATATACAATCATTCTATAGATTCTCAGAGTTCATGTCAGTTGAAAAAATGTGTTGAATCGTTAAGTACCACATAAATCACACACAATTTCATCTGATTTCTAGCACGACTCATGCAAACACACATTTTACTATTTTTTCAAAAGTATTGGGCGTGATGCAGTTTTAGTGGTTTTTTCTCTGTTCTTGATTTGTCTGGATTGGGATTTTTCCATGAAAGGAGGTCTTGATATGCATATAGAACTAGAACTCAGTAATGCCAATGGATTTGCAGCTGACAGCATCATAATATTTTGATTAATGCTTGCTACTGTGTTTCAGGATGTGTCCTCGAAAGTAGTGGCATTTTCTCAGAATGGTCCAAGGGCTGTTTGTATCCTATCTGCAAATGGCGTCATATCGAATGTGACGCTCCGTCAAGCTGCAACATCTGGTGGAACGGCAACCTTTGAGGGGCGATTTGACATCCTGTCCCTGTCGGGATCATTTATGCTATCAGATGTTGGTGGCCATAAAAGCAGAACTGGTGGGTTAAGCACGACATTAGCTGGACCTGATGGAAGGGTTTTTGGTGGTTGCGTGGCGGGTTTACTAATCGCAGCTTCCCCTGTCCAGGTAATAGTTGGAAGCTTTTTAGCAGATGGTCGGAAAGAACCAAAACCAGCAGATTATATGGAGCCTTTCTGTGCTCCTCCAAAGGCGAACACTGGCGCAAGCAGCTCACCATCACGAGGGACGTTCAGCGAATCCTCTGGTGGGCCCGCCAGCCCGCCCAATCTGAGCTCCGGTGCTTGCAATAACCACCCCAACCCCCATGCCTTGTCTAGCATGCCATGGAAATGATATATTTGTAATTTTATCATCAGAATATGGACCTCGAGCTCTATCTTCTCCCGATTGTAGCATCTAGCTTAGGTATTATTAATATTATGCGCCCTGTAGAATTAGCTAGGGTTCTTTGTCGACTGACTCGTCAGATTTCCGTCGCCTTCATAGTTACTTGGAGTTAGTTCTTTAACATGATTTCTTTATATTGTTATTAGTCATCTACTATTTGGTCGCAACTTCTGGCCTGCTTCACAATTTTTTTATTGGTACACTTCTCTGTTAATGCTAAAAAAAA
Gene_0013,-0.8790818131055258,7.79359835728108,0.182702880746462,0.929660603880137,GATCTGGGACAGTCATTAATGAATATCAAAAGGCAAGTATTCCAAAATTCAGAAATTATATTACTGAAAGTTCACTAGATTATGAAAACATCATTCGAGTTGAAAAATATACAAGTCTCAGTAGTTTGGTGGGAAATCTCTTCCTGGGATGTTCTGGTTTACTGAAGGCTGACCATTAGGCGCAAAGTTGTTCTGAGTCGGGCCAGGACCGTATCCTGTATTACCAGGAGGATAGTTTTGGTAACCAGCGTTTCCCCAACTCTGATTCTGTCCTGCAGGAAGTCCAGGACCAGATTGATAGGGTGCACCTCCACTATTGGGACCAGGGCCTTGCTGAAAGTTTGATGGATTGTTCACTGGTGGTGGTGGTGGTGGTCTCACATTGTTTGCTGGATAGTTTCCAGGGCTGTTTGGAGGCGGCATCCCACCCCCATAGTTAGGCTGCCCTCCCATGTTTGGTGGCGGACCTCCATAGCTGCCACCAGAGCTGGGGCCTCCATAGTTACCACCTGGCCCTCCAGAGTTAGGGCCTCCATAGTTACCGCCTGGCCCTCCAGAGTTGGGGCCTCCATAGTTACCGCCTGGCCCTCCAGAGTTGGGGTTGGGGCCTCCATAGTTACCGCCTGCCCCTCCAGAGTTGGGGCCTCCATAGTTACCGCCTGGAGGTCCAGAGTTCTGCCCTTGCACTTCTCTCCTCCTCTCAAAATTTCGTGACCGGTCAAAGTTTCGAGGCCTGTCATTGCGCCGATTTCTCTCATTTGCACGCGCATTGTTCCTCACCCATTCCTCATGGTATTTAGGGTCGTATGGAACAGCCTGCCCATTGATAAATGGTTCTCCTCCATAATCTTTGTTTTTAACATCCAAATATGAATCAGGAAGCACCCAGCGAACTTTAGGCAGTTCTTTTAGCTTGTAAGAAAGTTCTTCAGACACAAGTGCTCCAAAAGCATAGTAGTGCCTTGTAGAGACTGAATATATTTTCATCCTTGCTTCCTCCTCACTAACATTTTCAAAGTTAAAAAAAAAAAAACAAAGTAGATCCGTCTAATTATACTTAATTCACTTGTAGTGATAAAAAGAACAAGTCACACTAACGTGTTATTACCAGCATATATTAATAAGCAATCAAAACCCGAAAACAGGAAAATGGAATAATCAATGTGTTCGACAAAAATGCAACTCCTTGACTGCCAAGATTCTTAAAAGAATAAAATTCAAGAAGCATACTCGCACTACAGAATCCCTCGCCATAGAATTTCAACATTCAATACCACTTTCATCATATTCCAAACACATAAAACATTTATTACTCCAACAAGCCATCCTTTTTTACAATTTTCCATTTAATCAGCATGTCACTTTTCATCACTTAAAATCCAAATCAGTAACCCTAGACGTCTACATCAAATTTCATGCATCTCAAGGAAAAATATCTGGAGAAAGTTCAAACACAACGAAAACTACCACAATTCACAAACAAATTTCACAAAAACTATCGCTGAACAGAGATAATAAATAGGGCTCAAAATGTCAAACCTCCCAACAATCAGAGCAAGCGTCTTAATGTAGCTGTCGATGATTTCATCTCTAGTCGGATCACCCTCCGGCTTCTCCACAACCACGAGCCAGTGCTCGAAATCACAGCCGTCGAGCAGAATCGTCTCCTTAGGGGGGCGATTCGACCAGTTAGGGTTCGGATCATTCAGCGAAGACGCAGTCTGGCGTGTCGAGAACGCCCTGGTGGAAGTCGCCGGAACGAGGCGGCGAGAATAGGAAGCGGAGGCGGCGGCCACGAGAGGGCGGAGGCGGAAGAGAAATGACGAGCTATTGGGGATAACGGCGGAGGAGGAGGCGAGGGCGGCGTAGGAGCGAGAGAAGAGGGAAGAGAGAGGTTGCTTGGTGGTAAGGAGTGAGCGGGCGAGAAATAGCGTCGCCATTTTCGCAGAGCGATGTTTCCTTGTAAAACCCTAGCGTTAAGAGTGGAAGCCGATAG
Gene_0014,-6.996022640384929,-0.56060087022756,0.0014089729328883,0.0354792659621008,GGCTCTTCCAGCAATCTGTAACTTCACTGTTTCAGGCAGAGAGAGGTGTGGGACGTCGTTGCGTTCTTCACAGTCGGAAAATCTTGCTGCATGCATCGGAGAGAAGGGTGATCTAGGAAGCTTGAACTGACGATGAAGGCCTGCTGATCATGTGAGTTTGTACCTCTTTCTTCCCACTGTTCTTCTTTTCCTCTTCTTTTAAAAGCATGCTGAAGAATTGACGTAGTCATAGGTTGTGGTTTCTCCCACTGATGTAAGTTTATAATAGCATACTTCCTGTTTTGGCTATAGATAGCACAGTAGGAGACATTGAACCCTTGGCATCACAACAATACTAAACTATATAGTGGCTTCAAACTCCTGCTGCTTCGTTTCTTCTTGCTTCCTTTTTTTTACCACTTCAAACGCTTTTCTGTAACTCTATTATTGACAATTCTCGGAGCACCATACTTGCTTTACCAACTGCATTTACAATAATTTCAACACCAACACCGTGCCTTCTCCGGCTACTGCCTGCCCATTGATAAATGGTTCTCCTCCACAATCTTTGTTTTTAACATCCAAGCATGAATCAGAAAGCACCCGGCGAACTTTAGGCCGTTCTTTTAGCTTGTAGGAAAGTTCTTCAAACACAAGTGCTCCAAAAGCATAGTAGTGCCTTGTAGAGACTGAATATATTTTCATCCTTGC
Gene_0015,0.1364348155744359,4.414642370052911,0.8430395825698871,1.0,GGGCAATTTGCTCCTTTTCCCAAATGTACCAAAACATCACCTGCTGTTCCTTAAGCATCTGCTTAAAGCTTCATCTCATTATATATCTTAGGGACGTACTCTTTGCCAATCTCATTATAATAAGGCCTAACAAATCTGTCAACAAATTTACCATCCGAATACTTCAAAATTGTTCCAAGAGCAGGCCACTTTTTGATCAGACCCCTACTTTCCAGGACTCCCAAAATTTGCAGCCGCGGCTCAAGCCTCTTCTCAAAACTGAACGCTAGTGATGATGGGCTAGCCACAATATCGGAGATATTATACTTCCCGGTAGCAAGAACGAGCTCTATTACATTCTTGATTTTCTTCGTGGATACAAAAAACACTGTTGGCGCCTTCCTAAACATTGTGGATATATCATTATCAGAGAATCCCAAACCTCGGAGAGCTTGCAAATAGACTTCCCAGATCCCTTCGCTTGTGCAAGCAAAAACAGAGGCAGCAGTGATAAAATTAACTGAAGTGAGAGAGACCCCCATTTCTATGGTTTTGTCTACAGATTTCCTCATAATATCTGGTTTGAGCAAGAAACATCTTGGTCGAAAATGGAGGAATTGAAGGATACGCACCATAGGTATACCACAACTCTTCAAGGTCTCCAAATTTGGCATTAGGATCTTTTCCAAATCGTGTGTCAGAAACCATGAAGACTTTCTCAAAAGTCTGGCCACTTCATGATTGGATCCCAGCAAGCCCTTCAGCAAAGATAATGAGGGAATGATGTTGTTGCTCCTGCTCAAATGTA
Gene_0016,-0.28468736166157,5.87404397902417,0.66553220290536,1.0,AGAACACACACACACACACAAAAAGACAAAATTTAAAACCACCACTAGTAAGAGTTCGACCGTGGCATTAAATTATGGGGATGATTGATTGCTTCTGCTAACATGTGATTTGTGAATCACACATACTATACAGACATTTGGAAGGATAAAATGCCATCTATGGTGATGCATGTCCTATCCCTTCAAAGAAATATATAATTTTTATGAGTTTTGGGATCTGAAAAATGGAGTGGCTTGGTTCCCTAACCTGGTTCACTATCTCCTTCTTGCTACCTCTTTTCTTGTGGTCTAAACTCAGGAACCGATCCTCCAAATTACGACGGCCACCGGGGCCTCCCGGATGGCCCGTCATCGGCAACATACTCGACCTTCGAAGCCAGCCCCACCGCGACTTCCACAGACTTCAATCCAGGTATGGACCTCTTCTTTGGCTGAAACTTGGTAATCTCAATGCTCTTGTTATACAGTCGGCCGCTGCTGCTGCTGAGCTTTTCAAGAAGCACGACCTCGCTTTCGCAGACAGGAATCCTCCCTATTCAATGACAGCTTGTGACTACATCAACGGATCCTTGGCTCAAGCTCCCTATAATGAGTATTGGCGCGTCTTGCGTCGCCTTTCTTCATCTGAGCTCATGGTTCAGAAACGAATCAACTCCTCCGTGCAACTCCGGCAGCAATGCATTGACAAAATGATCCACTGGATAAAGGAGGATGCATCCGAATTGGTTGAGATCCAGCTTGATAAGTACCTGCTCATCATGAGCTTCAATATAGTTAGCAATTTCATGCTCACTAGAGATGTAATAGACTTCAAGTCCCAGATGGGGAACCAGTTCTACGAGGCCATGCACCACTTCATGAGCTGGCAGGGGAAGCCTAATCTGGGAGATGCATTTGAATGCATGAAATGGCTTGATCCTCAGGGAATCAAAGCACACACTGACAGGTACCTGGAACAGCTGTTGAACTTGGTTTCAGTTTTTGTCAAGGAAAGAATTGAGGAGAAGAATTTCCCAAAAGGAAACGACAAGAGGGATTTCCTCGATGCCTTATTGGAGTATGAAGGTGATGGCAAAGAATCAATTCATAAGCTCTCAGAGAAGAACATAAACATCATTATCCTGGAAATGTTCTTCGGTGGAACGGAGACTACAAGCAATACCACTGTCTGGGCAATGGCAGAGCTATTGCGCAATCCTGATTCCATGACGAAGCTCAAAGCAGAGATTGATGGGGTCGTTGGTCCCTCAAGAGCTGTCGAAGAGGATGACTTAAATGGTTTGCCATACTTGCAAGCAGTGGCTAAAGAAACCATGCGGCTGCACCCTGCTCTTCCTCTGCTGCTACCAAGAAAAGCCAGAGAAGATACCAAGTTCATGGGCTACAATATACCCAAGGACACAATGGTAATTGTGAATGCATGGGCCATTCATAGGGACCCTGAGTCATGGGAAGATCCATTTTCTTTTAAGCCAGAGAGGTTCCTGAACTCGAACATCGATCTCAAGGGACAACACTATCAGTTGATTCCATTTGGGTCGGGCCGAAGATCCTGTGTGGGCATGTTGATGGGGGATAAGGTGGTTGGCCTCACTTTAGCCCGACTGATACAGTCTTTCGATTGGGAGCTCCCTGCAAATGTCTCCCCGGAAACTCTGGATATGAGGGACGTCGCAGGGGTTTCTCTTCGCCTGTTCACACCTCTGAAAGCGGTTCCAAGAGAAAGAGGAGCGTAATGCTATTATGAAACTAGATCTAAACTAAAATTTCCCAATTGTGCTCATGATTATTTGGATACCCTTTTATGTTCCCTATGCATCCTAGCAGGTTGATAAGGTCTATGTTGTACATCAACCAAATAAAAATTTGAATAGCCTACTACGATTAGCTATTGCATTTCGTATTGTATGAAACAACTTTGTTCAAGTATACACATAATGAATGATATGCATGTAGCATGATGTGTTTAGAAGTAATGCAATAAGATAGCCCTTCCCGTGCATCGTATTACACAAGCATGGGACATGACTGCCTTGAAAGAATTCCAAATATCTTATGCCTTTGAGACCTTTTATGCATTGTATCACTGAGCCAATCATGAATCAAATCAAAT
Gene_0017,0.1503829999799019,1.71551172899275,0.845104083379372,1.0,GAAATCGTTTCTTGAAGACTATCCGGATGAAGCCGACAACTGGGAAGAAAGAATGAGGGATGTAACAAACGAGGCGGAAGATATTATTGAGATTCTAGTGTCGAATTCATTGCTGGATTCGACTGTTGGGTCATCGGAACCTAAGTCGAAAAAGGGAAAGTATGAATTTCGTTCCGATTTCAATGAGCTAGAAAGAGTAGCAGAGGAGATCGAGTCAATAGCTCAAGGAGTTAGGGAGAGAAACAGGCAAACTGCTGGTGGTTTCGACGACGGCTTAACTGAAATAGTTGATCGACTTTGTGGAGGATCATGTTGGTGGGAAACCATTACCATCGCAATTGTTGGAAGGGGAGGTATAGGTAAGACCACTCTCGCTAAAAATGCTTACAATCATCCATTAATTGTGGAGGGTTTTGACATCCGTGTTTGGGTGACAGTATCACAAGGTTATAGTATACGGGGAGGAATTTTGTCATTCCTCCTCAACATATTGGGAGAGAAAGCTCAAAGAATTGAATCATACTCAGAGCATGTTAAGATTGAATCAATACGGAAATTCCTATCTTTCAGGAAGTACCTTATTGTGTTAGATGATGTATGGAGTGAAATGTATATGGACATGTGGCGTGCGTTTCCTGATAATGGGAATGGAAG
Gene_0018,0.771087336108849,1.5625230178588998,0.350921907823885,1.0,CACGAATGAGAGATGAAGTTCGCCAATTACAAGACGCCATTGAATCCGATGCCTTGACTCAGTTCGAAAGCAGCTGCCATGGAAGACTCTCCCTCAACTTCGATCACTTAAGACAAGACATCGTTTGCTTCTCCGAAACAGTGAAGAAGATGGAGCACCAATACATTGAGGAAATAAACAAGGCGGCGTCTCTTGCAGAAGATGAAGAAGAAGAAGATGAACATGATCGTGATCGTGATCCTGATCATGATCATCATGACATGGTTGGATTATCCGATCAATTTCACATGATCAGAGACGAGCTTATTAAAAACAGAAGTGGACAAGTTGGTGTCAAGATCAATGGTATGGCCGGTATTGGTAAGACTACACTTGCTCGAAGATTATTTCATGATTCCTTAATCAAGGCAAGCTTTGAATGCCGAGCATTTGTCAGGATCGGACGAAAATACGAGTTTGAAAAGATTTTGGAATCTATTATAGCTCAAGTTAACATTCTTGATGACGATAATTTGATTAATATGGAAGGAGATGGAGATTTGCAGACACGTTTGAAGGGGAGAAAATGTCTTATTGTGTTAGATGATGTATGGGAATTTGATTTCTTCCGTCAATTAATCAAAACAGTACTTCCAAACGAAGATAAAAGAATCCGG
Gene_0019,0.79849363759326,2.17512671122338,0.2851056905806599,1.0,TGCGAATCACTCTCGCTGATGCCTCTGAAGAAGTAATCGAATCTCACGCCGTCGATCAAATTCGTGCCGCAAAATCAAGATCTCGTTTCCTTCCGGATTTGCAGAAACTAATCGAAGGCGTGGATTTTGTGAGGAGTTAATTCAAACTGAATCAGCCGGCCACACTTTATTCATCGACACATCTCACCTCCGAAAAGAAGATTTCCATGATCGGATTTGACGAAGTCTTGCTTCAACAGTTGTATTTGCTCACTGGAGAACCTTCTGGTAGGAGACTTATCCCCGTTGAAGGCATGGGAGGTATTGATACTGACAATGAAAGTCGAATTATTGTGGGTACTTGGCAATCGGATGTGGTTGATCATTTAAGCCTTTTGCATCTAGCTATGAATTTTTTAGACAATGAATAAAGTTGGGAGCTATTTTGTCGAAAATCATTTGTTGAAGAAGGTTGTTCAACTCAGTTAGATAATGTAGGAAAGAAGATTGTTAGAAAATGCAGAGGGCTTCCTCTTGCAATTATAGTGGTTGCTGCCTTGCAGGCCATCTTGGGAAGTTGTCAACGAGGCAAGAATATTTGTAGTGTTATCTTTCATTTATAGCCACTTATCTGTTCATCTAAAACCATATTTTGTATATATGGGAACATTGTTGGAAGTCTACTGATTCCCATTTCAGACTTTATTAAATATTGGATTTCTGAGGGATTTCTGAAACTATGTAAAGCTAACAACTTGGAAGAGATTGTTGCGGTTACTTAAAAAAAGATATGATTGAGAGAGTTGTGCTTAAAGGTTGCCGGGAAAGAAATGATCTTCAATGTACTTGATACTCCACGAGCCATATGCAGGGATCATCAAGTTGTAATTCCAGAGGAGAATCATCACCTTGAAATTTTTGAAAGTAGAGAATTTCAAGTTGAGTGAAGAAGTTTGTAAAAGAATTCCCAACATCAAGAAATTGTTGGGAAATTGCTTTGAGTATCACATTCTTGAGTTCACTTAGGAGGTTGTCTTTAAGCAACTCTCGTGTACATTGGGAAGAGATGACAATGATGGTTGGATCCTCGCCACATTTTGAAAGTCTCGAGCTGTCTGAGAATTCAGCCGTGGGATCCGAGTGGGAAATCCTTCGCCTGAAATCATTGAGTATTAGTTTACTAGAATGCAGGTAACTCCATTTTCCAGTTCTCGAAATTCTTGTTCTTATACGATTGCCTGGACTTTGAGTAGATGCAGTGTCTCATTTGCCATTTCTGCATTGAGAGTGCAAGAGGAGCAGGGGAATGAGATGCAGAGGAAAAAGTAGAGAGCTTCAACAAGAAGGTGCAAGAAGGGGGTCTAAGAAGCAATAATCTTCGTCTACGCCACTGACACAGGCAAATGAGATCCTCTATCTCACTCTTTGCGGTCTACGTAAACTCGGACACGTGGAGTTATGGGGTGACGGATGTTTCAATTGGGACAGTGGGAAGCATAGTTTAAATGACTGCATGAGAAATGTTCTCATATGTTTGGCTTGAGAGATACATGTATTTTTGGTGTTTAGACTTTATAAAGTTTGATAGTTTATAGTTTGAATCTCAGTATTTGTATTATCTATCTACACACAAATTGAACTTGATAAA
Gene_0020,0.272845561863011,1.8649633978477496,0.755763340360201,1.0,TGCCTAATAGGCAATTGGATGTGGCTGATTGTTAGTATAAGATATTTGATTGTATTAGATGATATGTGGAGTGTTGAAGCATGGGATGAGAATTGAGATCATGTTTTTTCTTTCTGATACTAGCAATGGAAGTCAAATTGTTGTGCCTAATAGGCAATTGGATGTGACTGATCATTAATGGTGCAATGGAAGCCGAATTGTTGTGGCTAATAGGCAATTGGATGTGGTTGATCATTAATGGTGAAAGTGTTGGTCAGTTAGGAGTATTTGGTAGAAGGTTTTTGATTTTATTAGATGATATGTGGAGTGTCAAAACATGGTATGAGATGAAGTTCTTCTTTCCAGATACTAATAGTTGAAGTCGAATTTTTGTGGCTGCTAGGCAATGGGATGTGGAGGTTGTTTGCATCTAGCTATGAATTTTTTAGATAATGAGAAAAGTTGGGAGCTATTTTGTAGGAAAGCATTTGTAGGAGAAGTTTGTTCAACTCAGTTAGAGAATGTAGGAAAAAAATTTGTTAGAAAATGCAGAGGACTTCCTCTTGCAATCATAGTGGTTGCAGGCTATCTTGGGAAGTCATTTCCTTGAAATTTTTGGAAGTAGAGAATTTCAAGTAGAGTGAAGAAGTTTGTAAAAGAGTTCCTAATATCAAGAAATTGTTGGGAAATTGCTTTGAGCATCACATTCTTGAGTTCACTTAAGAGGTTGACTTAAGCAACTCTCGTCTTCATTGGGAAGAAATGACAATGATGGTTGGATCCTCGCCACATCTTAAAAGTCTCGAGCTGTCTGAGAATTCGGCCTTAGGATCCGAGTGGACCCTTGTTGAGAGGCGGTTCCTTCGCCTAAAATCCTTGAGTATTGGTTTACTAGAACGCTGATAGCTAGAATTTTCCAGTTCTCAAAAATCTTGTTCTTATACGTTTGCCTGGACTTTGGTAGATGCAGCGTCTCATTTCTCATTTCTGCATTGAGGGTAGAAGAGGAGCAGGGGGAATGAGATGGGTGGAGAGCTTCAACAAGAAGGTGCAAGAAGAGGGTCTAAGAAGCAATGATCTTCGTCTACACTACTAACACGAGCATATGAGATCCTCTATTCCACTTTTTGTGGTGCACAAGAACTCGAACACGTAGAGTTATGAGGTGACGGATGTTTCAGTCGGTACAGTGGGAAGCCTAGTTTAAATGACTGCATGAGAAATGTTCTCAAATATTTAACTTGAGAGATGCATGTAATTGCGGATTTTTATTATTATTATTTTTTTTTTTTTTTGAGGAAATGTATTTTTGGTGTTTAGACTTTATAAAGTTTGATAGTTTATAGTTTGAATCTCAGTATTTGTATTATCTATCTACACACAAATTGAACTTGATAAA
Gene_0021,-0.351149106321474,2.7492697392684304,0.623951276803551,1.0,GCAACAGCCAGCTCAAAGGGGTGTTTTTATATGATCTCTGCATCCATTAAACTTGCGTTATTGAATCTCACAAAACACACAGCTCCCATCAACATTATTACAACAAAAACCAAAAAATCTTCTTATTTTCTCAGAAATATAATGTCTGAAAGCTTCCAACAGCCAAGATTGGTGGCCAAGAAAGTCTTGGCCAAACCCCAGAGCGAGGGTGAAGGTGCAGTTGTTAGAAGAAGCATTGGAAGGCCCGAGTTGAAGTCCCTTGATCCTTTCCTCATGCTAGATGAATTTTCTGTTTCGCCGCCTGCTGGATTCCCTGACCATCCCCACCGTGGGTTTGAGACTGTTACATATGTGTTGCAGGGAGGCGTCACACATCAAGATTTTGCTGGCCACAAGGGTACAATTCATGCTGGTGAAGTCCAGTGGATGACTGCAGGGAGAGGTATCGTCCACTCAGAAATGCCTGCAGGAGAAGGTACTCACACAGGCCTGCAATTGTGGATCAATCTCTCTTCCAATGATAAGATGATTGAACCTAGATATCAAGAATTGCTGAGAGATGACATCCCAAAGGCAGAGAAAGACGGTGTCGAGGTTAGGGTCATTGCAGGGGAATCCATGGGTGTTCACTCCCCAGTTTACACTCGAACCCCAACAATGTACCTCGATTTCAACATAAAACCGAATTCTGAGCATCATCAAATGATCCCGGAATCATGGAATGCTTTTGCATACATTATTGAAGGCGAAGGGGTATTTGGCACGCCAAATTCGCCTCCTATATCGGCTCACCATATCTTGGTCTTGGGTCCTGGAGAGGGGCTAAGTGTGTGGAACAAGTCCTCCAAGCCATTGAGGTTCATTTTGGTAGGTGGTCAGCCACTCAATGAGCCAGTGGTTCAGCATGGCCCTTTTGTGATGAACACACAAGCCGAAATCGACAAAACCATCGAAGACTACTACTATGGCAAGAATGGCTTTGAGATGGCAAGACACTGGAGATCCAAATAAGTCAAAGCAGATTTCTAAAAAAGTTGTATTATGTCTGTCACTACCAATCTCTATCTTCACCAACACACACACACACACTAAATTCATCATCATTGATCAAAGATTTTATCATAGTAATGGGGACAGAAAGCTTCTAGAAGCTTAGAAAAATGCAGCACTGATATACTATGTTTGATGCTGAAGTCATCATGATGGGGTCAAGCTTGGTTCTTCTAGATAATGTTGATTCTTGTATTGTTTTTTTCTTTTGCTTGTGTAATTTATTTGAGATTTAGATGTTTATTCTTGTGGGAATAAGATCTTCTCCTAATAATTACTATAATCTTGTGAGCAATGATAATTTGTTTCTGGACTTTTCTTGTTAGTTGGGTTCAATTTCTAATGTTCAATTAATGTATCATGCACAGG
Gene_0022,0.475817767259633,0.9604548364679292,0.573358601344709,1.0,CGGGTATGTTCTCTGGGACACAAGATAAATGTGCAACATGTGGTAAAACTGCTTACCCACTGGAGAAGGTATGGTTAACAATTAACATCTATTATAATTACATTGACATCTGAGGCAAAATTTCAAGTTGAAAATTTGGTGTAAAGTTCTTATGCAGCTATTTCTTGCATTCCAGATTCACATTTGAGGCCCTTAGATATTTTGATTATTTTCTCCTTGCATTTGTATTCTTTGTTTATGCCCTGCTGAGTGGTAGCATTTGTTAGGGCTTTTGTATGCTTGTACTGCTTTTGTCGCCTGTTTAAACCTCAAGTTATAACCCCCACAATCCCCACCCTTAAATTGGGAAGCAACAGGAACAGAAAGAAAGACATATAAAGGTCTTAGTACAGATTCTGCTTGGAGGGTTGGTTCTTCTGTAATGATTTGACAAAGTGCTAGAAGGCTACTGCTGGCCTGTGACAATTTCTATCCATTTGACTTTTATCATGAGGATAAGAAGATGCATATTCTCCTTTCTAGCCTATTATTTACGAAATAGATCTTTTGCTTTCATTTCCTTGCCTCATAGGGTGTTAGATAAGATGAAGTTCAACTATGTCGTCTGTGAACTATGTTTAGTGACGTAATTGGGTTTCCATAGATGGTTGTTAACATTGTAATTGTTGATAATAAGAAATACTTAAAATAGTTCGTGAAGTTGGATGCTCTCTGAATTATGTGTTTAAACATGTTTGGGTTCCGAGGAGAATTATAGACCTTACAAAAGGAATGATCAGGCACAAACGTATGTGGAAGGATGATAATGACCCGTGTTACTGCTTCCCTGGACAAGTTGGAAATGTGCATCATTAACTTGTTTTGAAGCCAAAAATACTCCATGGCACCCTGTGAACCACATGCACCCAGAATGAGCTATTGTAAATTTTGAGTTGATAAGAATACAGCAGTATACCTTGTTGCTGTCCTCCATTTGAACTATTGAAGTTATACATTCTGAAGTAGTGCCAAACTGAATGTGTGTATGCGTGCATATGCGCGTGCACTTTCTAGAAGAAACAGGGTACCAGAACGATCACTTTGCTCCCAAGTAGTTAGTCCTAAAGTTGGAAGGCTTTAGTTATGCAGGTTGTAGGAAAAATCTATGTTATTGAATAGGGACAAAAATAAGGTCATGCCTAAAAATTTCCTCTTCTGTAATTTGATTCTTAACTAGATGAGACTTTTGTTTTGACTTTCGAAATACTAACCATGGGGCTTTCTACATTGCACAAACACCAAGGCCTTCATTGAAATTGTTCTTTGGAACACAATGGTTAACTCAGATTTTAATATCCTAATTACACTTACTGCCACACTTTATGCAGTGTTTTAAGTACTTTGTTTATTTGAGCTCATATAACTATATAAGTAACTAGTAGAAAAACGATTCTCATTCTATCCATCTCATGGCTGAGATATTGTAGTGGTCAGAAACTATAATTTGTAGCTGAAGTTCTGAAAGACCCAAAAAAATCTGTAAGACCGATGATGGAATACGGAAAATTTAACAGTTGATCTAAATAGAGTGGTGTGATGCTCAAAGTTGTTTGAGACTTATGAGGCATAGTGACATAGTATAGTATATATACTAATTTGAACTTTTTGTTGCTCAATCGTTGTTTAAAAGAACACCCCTAGAAGGGGTGGAAGTGATTGCTTGTATGATTATATCTTGCATATCCCGTGTGCATTTTCAAACTAAAATGTGTTCTACACTAAGCTGCCTATAATATGTTTATATTGAACGGCATAACTATCATTGGCATTGACATTCAGATTAGGTGCGGTTAGGAAATTTTATTGTTGAAA
Gene_0023,-0.5997991010296171,0.5907044825091371,0.544246996097139,1.0,ATCGTTCCTCGTTTTGCTCTCGCCCAATTCTCTCCCGATTGAAATAAAACTCTCGGTCACTTCAAGTAGCTTCCTTCTTCCACACTCTCAGAGTTCGAAGGGCTTTTCTGATTCCCATTAGTATACTTCGACGAAGACGAGTGAATTTCTTCATTTTTGGACAGATTAAGTGTTTCGCCTGAATTTCCCCCACGACGTGGGATTCAATGATATCGTCAGCTTCGTAAACTGCAGCGACAATCTGGCTCTCCAGATCTTCAATTCCATGGCTGCGTCTGCTCGAATACTTCTCAAAAAAATTGATTAAGGAAGTAACCTGCTCCTGTAGAGACTGGATCTGCTCTCTAGGAATGGAAAAGTGATGGGTAGGAGGTGGGTTCAGGATCTGGTGCAGGATATGAGAGAGAGAAACCAGAGCAGCATAAGCAGCAGCGGCCATCGCAGCTGTAACTGGTCTTTTGTGGTGCTAAGTTTACTTGGGAGGTGAAATTGACTAGTTCGTTCAATCAACCAACATACAGATGATAATGCAAATTGGAAGCACAGATTTCCATTTTCCTCAGCGACCGCCATTCCTTAGATCATTGGAGCTGGTCGCCGCCCTTTTCGGAATTATATAAATAAATAATTTAAAAGTCGTCGCCTCTCTCACTGTCTATCTACCTACCTACCTAAGATCGGAAGAGCACACG
Gene_0024,1.1191212652791598,0.290465254998734,0.270771223856117,1.0,CTAAAGTTCCATAAGCGGGTGGTCCCAATGCTTTCTTCCCAGTCAGAATCTCGGCCACAAGGACACCAAAACTGTAGACATCACTCTTTTCTGTGTATTGACCTGACTCAAAATAATCAGGATCCGCGTAGGCAACATTGCCTGATAATTCAGTTGGGTCATTTCTAACTATCCATGAAGAACACGATATTTTGGCCTGGTATTTGTCATCCAGGAGAATATTTGACGAATTTACATCAAGGTGATAAATAGGTTGAGATACAGCTGAGTGCAAGTAAGCAAGTGCTCCTGCTGTTTCTCTAGCAATTCGCACACGCATTTCCCAAGTTAATGAAAAGCCATCGCTGGAGCCATGGATGCTCTGGTGAAGTGAGCCATTGTGGATAAACTCGTGGACAAGAAGTGGAACTTCAGTTTCCAGACAACATCCCAAAAGCTGAACCACATTCCGATGCTTTATTTGTGACAAAATAACAGTTGCATTGAAGAACGCTTCATAGCTTCGACCGTCTACATAGTAGATCTTCTTAATTGCCACAATTCTTCCATCTTTTAACATTCCTTTGTAGACAGTCCCACTGAACCCCGCACTAAGTATTCGATTTTCATTATAATGATCGGTAGCTTCTGCCAACTCTTTAGCTGTGAACACCCTCACCGACGACTGGTGTTCCAACAACAGCTCTTCAATTCTCTTATTTCTCACATATTCCACGCCTTTATTGTTTATGATCTCTTCCTGGATGGAAATAAATGTTTTGATAACTTCAAGTATGGGTTTCTTCTTCAACACTCCGTGGAATGGAAGGACTTCCCTTATTTCCTTTTGTATATATCGAAGAAAAGGGGCAGAGCTCTTCCTTTCTGGATGGACTTTGTATCTCCCCTGAATTTGGTTCACCACATAGGATTCAATGATATCCTCAGCTTCGTGAGCAGCACCCACAATCCTCTTCTCCAGATCTTCAATTTCTTGGCTGCCTCTGCTGGATTGTTTTTCAAGAAAATCGATCAAGCTGCTAACTTGTTCTTGCAGCGACTCAATCTGGTCTGTAGGTATAAGAAAGTGATGGGCAGGAGGTGGGTGGAGGATTTGGTGTGTAATATGTGAGAGAGAAACTAAAGCTGCATAA
Gene_0025,0.9424473880510492,0.968839107645141,0.290499408436865,1.0,TAGTTTCCAACTATATTCTTCATCTAGAAGACTTGTTATAAGGATTACAAGATCCAAAATTTGTAGCCAATTGTTGCAGTCTTGTAGTTACCAAGATTCGCCATGTCATTTGGAAAAAACTTGTTTAAGTTGTCCCAAGTTTCAATATCCCACATATCATCTAGGACAATCAAATACCTCCTCTCGAATCACTCCCAGTGCAATCGAAGTCCCAGTTCACTAAACTTAGTCCCTTCTATTTTACTATTGATCTGTTGCAAAAGTGCAATCACAATATCGCTCCTTATATTCTAGAGACACACTAACACAAATCTTTGAATAATATAATGATGTTTATGAATTACGGCAAGAGTAGTCTTACCAATGCCACCCATTCCGACAATCCTCATTTGATTGAGGTGCTCGTCGAATACTCCTGCCCCCAGGAAGAGATCTTGATGAACCGGCTCCCGTGGAGTTCCTTCTCAAATTTCCCACGCCATTTTTGTTTTCGATCTTGTCCAACTTTCTGCGGATGGATACAAGTTTTTTGATTACTTTCAGTATATTTTTCTTCATATCTCTTTGGATCAGAAGAAATTTTATTATTTCCACAAGTAGACGAAAAGGATCGGAGCTCTTCATTTCTGGATGGGTTGCGCCTTTCGCCAGAATTTGCCGCACGACATTGGATTCAATTAAATCCTCAGCTTTGTGAACTGCACCGACAATTCGCTTCTCCAGATCTTCAATTTGTTGGATGCGTCTGTTGGGATATTTTTCAAGAAAATCGATTATTGAACAAACTTGATTCTGTAGATGCTGGATCTGCTCAAGTAGGAATAATAAAGTGATGGGTAGGAGGTGGGTTGAGGATCTGGTGTAGGACATTAGAGAGAGAAACTGAAGATGCATAAGCAGCAGCCATCTTCGGGTGATTTCTGAACTAGGGATGCAGGATCGATTACACCAAGATTTGAATTTTTTGTGGTGTTCTTGGTGCTCTATGTTTT
Gene_0026,0.7683235388685781,0.644087372212126,0.3712526695430779,1.0,TTTAGAAAGGCCCAACATAATCATCTGAACTCTCAAAGTCTTCTTCAAGCTGCTGCTGCCTTTCTTTCTGAAACTGGAACAGTAGAAAAAGATCTTGGAGATGGCGGCAACGGCTTATGCATCTCTAGTTTCATTGTTGAATACTCTAGATCTGATCCAGGACCATCCTTGTCTTTCCAATTATCTGGACCAGTTCCAGAATGAATCCCTTCGCCAAATGGTTGATTTCTTTGTCGATTTTCTGGAGAAATATTCAGTTGCAGAGAGCAGAGAAGCAGAAGATTTGGTGAGGCGAATGGCAGATGTAGCTCGTGAGGCTGAAGATCTAATTGAAGTCCATGCAGCTGATCGAATTCGTGCTGGATCCACTACAAAAAGTCTAACAGTGCTGCTCCGTCTGCAGAGAATAATACAAGAGATGAATTTGATCAAGGAAAAAGTTAGCAAGCTTAAAGAGGAAGAGGGAGCTGGATTCATAACTCAATCTTCCATGTCTACTCATCCATCATCATCATCATCAGCTCCTCCTGCAACTGCCAAGACTACTACCATGGTGGGATTTGATGCCCACTTGAAGCAACTTTTGGATCAGCTCATCGGACTTCAATCTTGTCGGCGAATAATCCCAATTGTTGGAATGGGTGGAATAGGTAAGACCACACTTGCAACGAATGTTTATCAAAATTCACTTATCTTGTACCATTTTGATGTTTCTGCTTGGGTTACTATATCTCAACAATTCAATGCAAGAGATATTCTTTTACAAGCACTTTCTTACCTAGGAGGATCCACTAGTAACACAAATATATTTTAATCTGATGATC
Gene_0027,1.33160592877829,2.3112860027392403,0.0710422332977659,0.623216070470033,ATAATATCAAGATTCATCCTTCCCTTTCCCTTGATTTCAGATCAAAAACGATGGAGTCTCTCCGCGAAAAGGTTGATTTCTTTGTGGATTTTGTGGAGAAATATTCAGATGCAGAGAGCAAAGAAGCAGAAGATTTGTTGAGGCGAATTGCAGATGTAGCTCATAAGACTGAAGAACTAATCAATGTCGAAGCAGCACATCGAATTAATCCTACTCCATCCACTAGAAAAAGTCGCATAATGACTCGGAAGCTCATTCACTTCATAAAACTTTGGTTTGATGCTAAAATATATAACTCCCCTTCATACTGAAACAAGTCTCATATTAGTTGCATAGCCAACATAAACTGTTATTCAAACTATAAATTTAACAGAATGGTATGTGAAAATATTTAATTCATGTAACCTGTACTTTTTGCATCAGCCCGTAGGCTCGGTACTTTAGAGTCTATAAGACTCCGTACTTTATAGTCCAGAAGATTTGGTAATTTATAGTCTAGAAGACTCTATATTGAATTTGACATAACTTCTGTACAAACATATAGAGAGGATAATAATAAAATTTTCAACATAAAAACCCCACCTTAACCTTGAATTGAGATTAATTATTTATGTCCCGGCACGCCTTGCCTATAAATAATTATTTATTAGTGAAATGAATAACATGATGCGTGATACGTTTAAGAGTCAAGAAAAACAATACATGATTAATTAAGTACACTATTGTGTACATGACTAACATATTAATAACATAGAAATTAAGGTATAAGAATTGTTTTTCTAAAAATTTAAAACCGTGCAATAAAACATATCGTTCATTCACTTATGATGCTAAACCATTTGCATATCTAGAGAGTTTGCTTAGGAAAGTGGGAAAGTGGGAAACTAATCAAGACCAATCTCAATAATTAAAGTCGTGGGTCCTATAAGAAGAAAATAAAGCACAAACCATAAATATATACACACACACACAGATTTATATATCATGCTGGGAAATATAAAACTCACTTTTCCTTTGATCCCACCATAATAATTAATAACTCTAGATATTGAATTTCAAGTCATCCCCTCTCACTTTCTCTCTCGATACAGTAGAGTAGCAGAAAATGAATTTTAAAAAAATGGGCTTCGAACATCTACAGGAAAACAGAGCAGCAAGAAAAAAAGATGGAGTAGCAGAGGTTAACACACCCAATACGAAGAATTTACTCAAGCAACGACCAGTGAAATTCCATACCTTTCGAAAATTAGGAGGAAAAGGAAATGTTCTTCTCTCTGTTTTTTTCTTTTTCTTTTTGGTGTCGTGTCTTGACTATCAAGCTAGTCTCTTT
Gene_0028,-0.8950701777462621,3.32667908378312,0.198833621404321,0.957468932001992,ATAATATCAAGATTCATCCTTCCCTTTCCCTTGATTTCAGATCAAAAACGATGGAGTCTCTCCGCGAAAAGGTTGATTTCTTTGTGGATTTTGTGGAGAAGTATTCAGATGCAGAGAGCAGAGAAGCAGAAGATTTGTTTAGGCGAATTGCAGATGCAGCTCATGAAGCTGAAGAAACAATCAATGTCGAAGCAGCTCATCGAGTTCGTGCTGGATCCACCGGAGAAAGTCGCGTAATTACGACTGGCAAGCTGGAGAAGATAACACAAGAGATGGATTGTGTAAAGGAAAATGCTATGAATGCTAAAGAGGAAACTGGATTCAGAGATCCATATTCGCCGCCGCCTCCTGCATCGTCATCGGCTCCTCCTCCTCCTCCATATTCGCCGCTGCCTCTTGCATCATCATCGGCTCCTCCTCCAACTGCCACCACTATGAGGAATCGTTCATATGCAGAGGATTTGATGAGGCGAGTGGGAGCTGTAGCTCTCAAGGCAATGCCTCGCAAGCTTCGGAGAAAAATAAATGTGAAGGCTGAAGAGAAAACTGGATTCCTAAATAGGCATCATACATCATCTGTGCCTTCATCATCATCATCAGCAGCAGCTCCTGCAACTGCCAAGACTACAACCATGGTCGGATTTGACGGTTACTTGGAGCAACTTTTGGATCAGCTCACCGGGCATCATTCAGGGCGGCAAATACTCCCAATTGTTGGAATGGGCGGCATAGGTAAGACCACTCTTGCAACCAGTGTCTATCAAAATTCACTTATACTGCACCATTTTGATAT
Gene_0029,-0.0901004018453649,2.60036379111206,0.913523058671865,1.0,TATTTTTTTTAATCCCACCACTCCTCTGATTTTACCGTTTTACCCCTGTCGTCTCCGGTTGAGATTATCAATAAAATCACATCGAATCAGATTGGCGTAGAAATTCTTTCGCCTTTTTTTTTTCCGGATAATTTTTTGTTTGCTTTTGCGTTGTGAGCTGAAATTGTTTGAGCAATGAGCGGAGATGAAGCGAAGAAGGAAGATGCGGTTAATGGTAAGAGTGAGAAGCAGTTGGAGGTGTTAATGTGGGGGTATTTTCCAGGGGTGACGGCGCAGAGATCGCCGTTGACTTCTCCGGCGAGTGTGCGGTTTCCGGAGACTGAGGCAGCCGGAGATTCGTGGAAGGATGTCTGCGCCGGCGGATGCGGCTTCGGCATGGCGCTTTCCGCCTCTGGAAAACTAGTTACATGGGGTTCATCTGATGATCAAGGCCACAGCTATTTGACCTCAGGGAAGCATGGGGAGACACCAGAAGTGTATCCCCTTCCAACAGCTGATCCAATTCTGAAAGTTGCTGCCGGCTGGGCACACTGTGTTTCAGTAACAGACAAAGGTGAAGTGTACACATGGGGTTGGAAGGAGTGTGTTCCATCTGTAAAAATAACTCGTAATTGGACCGCTATGAAAAACTGTGAAGATGAAATTGTCACAAGACAAAGTTCAACATTAACTGAACAAGTTTCGAGTCCAAATGATGCGGTATCTGGAGATGAGACTCCAAAGCGGAGAAAAGTTGCTCCTCAGCAAGACTTTGAAACATCAATGGCGGCAGATGAAACACTTTCTATGCCACCTTGTCCTGTAAACCTGGATCCTGGGGTGAGGATCACTTCGGTTGCTGCTGGGGGGCGCCATACTTTAGCACTTTCAGGTGTTTTGAAGTATGAAGCTATGGAAGATCTTTAATGTTAAGCAAGAAGATCTTTAATGTTAAGGAAGAAGATATTTATGTATAAACAAGAGCTGATGCATCATACTTTTACCGGATTTAGATGTGGGACAGGTATGGGGTTGGGGTTATGGAGGAGAAGGCCAGCTGGGTCTGGGCTCTAGGATAAAAATGGTGGCATCTCCTCATCTTATACCTTGTATTGACCCATCGCTGAATGGAGGAGACAGCTCTGGTGTAAATAATCAAAATAGTGGGGGTGTAGCAGCTGAGCAACAAAAATCCGTAGGAAATTACATAACGGGTATCGCATGTGGAGGCAGGCACAGTGCAGTGATAACAGATGCTGGTGTGCTTATTGCTTTCGGTTGGGGTCTTTATGGACAGTGTGGCCAAGGGAATAACGATGATTTGCTGCGACCAACCTGTGTGCCTTCTCTACGGGATTCTCGGATCAAAGCTGTTGCAGCAGGACTTTGGCATACGATATGCATATGTGCTGATGGCCGTGTTCATGCTTTTGGTGGCAACCAGTTTGGGCAACTGGGTTTGGGAACACACCCCAATCAATGTGAGGTAACTTGAACGAGTGTTGTATCTTAATATTTGTTCTGAACCTGGCTACTCTCTGTTCTGTTTTATAGCCGTTGATCTCAAGTACTGTGCTGTGAAGCAAAGAGGAAAAACAGATTGCTCCCCGGCTCGTAGATGCTTCAGTTCTGGAGGGTAAGAAAGCCAGAATCGCATCCTCCGGGGCTCGTCATAGTGCTATCCTAACAGAGGATGGTAAAATCTTTTGCTGGGGGTGGAACAAATACGGTCAGCTTGGTCTAGGAGATGCAATGGACAGAAATACCCCTGCGGAGGTAACACTCAAGGAGGATTACACGGCGAAGAATATTGCTTGTGGTTGGTGGCATACGCTATCGCTCTGTGAGATGACCCGATCAGATTAATTTGCTTATGTCGACATGGTATCTTTAGAATGTCATGGTTCTGATTTTTCTGCGCCTCCATTCTTCGTTTGTGTTCCTCCGTCGTGCTTTGTTGTATCTTTGACAATTCTGAACTGTTTGTAGTGAGATACGATCAGAGAAGCTTTTTAGCTCGCTCACCACTGTAACTGTATTATTAATGATCTGGAAAGTTTTCACTCAAACGAGAGAGAGAGAGAGAGAGAGAGAGAGAG
Gene_0030,0.722126100124817,3.92271033538185,0.288564282350828,1.0,TGACATACTACTATGTCCTCATACGCCATAGAATTTCTATTCGGCCAGTTTTTCATGAATCTAAGAATTACTGAAAACAACGGTCTTAAGATTTCTCAGTCGAAAGAAAAATAGCAAATACACTAACATTATATTTTCATTCCCATAACTAGTATTTAAATCAAGGTTCATTCATCATATTCAGTTTCTTTAAGTTAGATTTCAGTAAAGAGTACAGATTCAAGATTTATGTTCCATTATATCTCGGTAGAAATTCAAGATTTCTGCACACGACGACTGAAATAAACCAAGGTGAGGATTTGTTAGATGTCAGGAGATGGAAGCTGAGGTACGGATAGCAGCATCTGTATGTTGCAAGTAGTGCCAATAAAGATGGATATCTCGCCTGTTTCGTACCTCGATCAAGGTAGAAAACCGTCGTGTGGGTCTCTCCTTTTCCTCGAAGGTGGGAGTAATTGTAAACAGGAGCTCTACTCGTACACCCGCTTTCTCTTCAACAGGGTCGGAAGTAATAAAATAGACCCGATGAGGAAAAGCACGGCCAAGGTCTTAAGATCGTATAGATCTTTCACCGACTTCAGTTCACCAAGAGCAAGCCCGGCTCTAACAGTAATGTAGGAGGCTGGAACGAGACCAACAACAGTTGCCAGAAAGAAAATATGGAATGGTATATCCACGATCGGTGATGCCAGATTGATGAAAAGGTTTGGCAATGTTGGAGTAACTCTCAGAAAGAGCATATAATTCAGCAACTTCTCTCTTCGCTTTGCTATCTCTGCCTGAAAATATCTCAGTTTTTCGGGCCACAGCCAGTTGACGATAGGCCTGCCGATCAGTTTGGACAAAAAATAGCAGGATGATGCACCTGATGTGGCATTGAAAACGACTAAGAAAAGACCTCTGACAACGCCAAAAAGTGCTCCAGCTAGTAATGACATGAAAATTGTCCCAGGAATCATGAATGTTTGCATGAATATGTAAGTCGAGCAGTAACCAAGAATGAACTTTGCTGGGTGTAACTGTGCATAAGTTGCAAGATGATCCTTGAGCGATCGGAGATCAGAAAGCGTACGAGGCAGTTTCAACATCTCATACTCCGCCGCCGGCATCGTAAGGTAAATGCACAACAACCCAGTGGAAAATACCAAAAACACCCCCAGCGCCGCCGCGAACTCCCACCGCGAGAGAGGAAATCTCTCCGCCTTCAACTTCTTCCCCGACGGAGATTCAGCATTCTTCTCCTCATCCCTATCCAACGCCCAGCTGCCGGTTTCCACCACCACACTCCGCGGCGCCGCCATAACAACTAATCAACTGCAAAAGTCGACGCCGATACAATCCGACAACGTTTTGCAAGCTGATGCTTTTGCAGCGATGAAAAGCAAGGAATTCTAATTATTGACCTTGACTGCAATTACAAAACCAAAATTGGGCCTTCCGCATGGATCATTGCTGCTAATGCTGCTGCCGCCACAGTTGAATTGAAAGCGATGAAGATGAGGAGCATTAAATCCGCACAAACATTGAGGAAAATTACCTGGCAGAGCAGAGTGAAAATCACGAGAAGGGGGATCAGAGAATCTGTTGAGGGATTGGAAAAGGGCAAAAAATTTCAAACTTTGAGCTGAAGAAATGCGGATTGAAATTGATGGGGGCAGTTAATTAAATTGGGTAAACGTAAATCAGAAGAGATCAAGCAAGAAATAAAGGGTGAGGATGAATCATCAACAAATTAAAACCCTAGAGATTTGAGATGGGTAGTGTGAACTTGTGTGTGTGTGTCGTGTCTTGACTATCAA
